City_ID,City,Country,Lat,Lng,Max Temp,Humidity,Cloudiness,Wind Speed,Current Description
0,Vaini,TO,-21.2,-175.2,82.4,69,20,8.05,few clouds
1,Santo Tomas,PH,14.1079,121.1414,89.01,66,75,4.61,broken clouds
2,Wilmington,US,34.2257,-77.9447,73.0,78,1,17.27,clear sky
3,Albany,US,42.6001,-73.9662,60.8,54,75,1.19,broken clouds
4,Dingle,PH,10.9995,122.6711,87.1,62,85,7.72,overcast clouds
5,Port Alfred,ZA,-33.5906,26.891,67.15,80,63,7.25,broken clouds
6,Provideniya,RU,64.3833,-173.3,23.0,68,20,4.47,few clouds
7,Hobart,AU,-42.8794,147.3294,59.0,38,20,20.71,few clouds
8,Bluff,NZ,-46.6,168.3333,62.01,74,76,5.99,broken clouds
9,Along,IN,28.1667,94.7667,74.03,56,99,2.8,overcast clouds
10,Cidreira,BR,-30.1811,-50.2056,71.37,70,95,19.55,overcast clouds
11,Yellowknife,CA,62.456,-114.3525,42.8,39,1,2.3,clear sky
12,Neiafu,TO,-18.65,-173.9833,82.4,69,40,4.61,scattered clouds
13,Bredasdorp,ZA,-34.5322,20.0403,50.0,93,94,3.44,overcast clouds
14,Tasiilaq,GL,65.6145,-37.6368,32.0,93,90,21.85,light snow
15,Jamestown,US,42.097,-79.2353,48.0,49,90,10.36,overcast clouds
16,Butaritari,KI,3.0707,172.7902,82.13,75,54,7.02,light rain
17,Rikitea,PF,-23.1203,-134.9692,78.6,70,9,5.68,clear sky
18,Marawi,PH,7.9986,124.2928,82.99,80,100,3.0,overcast clouds
19,Tuktoyaktuk,CA,69.4541,-133.0374,28.4,86,90,5.75,overcast clouds
20,Kapaa,US,22.0752,-159.319,78.8,57,20,16.11,few clouds
21,Kenda,IN,23.2,86.5333,78.8,61,40,14.67,haze
22,Upernavik,GL,72.7868,-56.1549,-12.12,100,97,2.93,overcast clouds
23,Kuala Terengganu,MY,5.3302,103.1408,80.6,83,20,4.61,few clouds
24,Clyde River,CA,70.4692,-68.5914,-7.6,77,1,16.11,clear sky
25,Kaitangata,NZ,-46.2817,169.8464,66.0,57,8,7.0,clear sky
26,Itarema,BR,-2.9248,-39.9167,78.58,84,95,9.73,overcast clouds
27,Honiara,SB,-9.4333,159.95,83.86,78,75,4.16,broken clouds
28,Kahului,US,20.8947,-156.47,78.8,53,20,18.41,few clouds
29,Kodiak,US,57.79,-152.4072,42.8,70,75,5.75,light rain
30,Zaysan,KZ,47.4667,84.8667,46.65,37,100,1.45,overcast clouds
31,Georgetown,MY,5.4112,100.3354,86.0,89,20,4.61,few clouds
32,Hermanus,ZA,-34.4187,19.2345,62.01,91,77,7.83,broken clouds
33,Cabo San Lucas,MX,22.8909,-109.9124,84.2,37,1,5.75,clear sky
34,Saint-Georges,GD,12.0564,-61.7485,80.6,89,20,17.27,few clouds
35,Mar Del Plata,AR,-38.0023,-57.5575,62.01,82,0,6.91,clear sky
36,Mataura,NZ,-46.1927,168.8643,62.01,74,38,5.99,scattered clouds
37,Kavieng,PG,-2.5744,150.7967,84.43,67,92,6.51,overcast clouds
38,Nikolskoye,RU,59.7035,30.7861,37.4,60,0,2.24,clear sky
39,Burns Lake,CA,54.2331,-125.7533,64.4,20,88,3.44,overcast clouds
40,Pevek,RU,69.7008,170.3133,7.07,71,16,4.65,few clouds
41,Ushuaia,AR,-54.8,-68.3,41.0,65,40,3.44,light snow
42,Bonthe,SL,7.5264,-12.505,78.75,82,100,6.08,overcast clouds
43,Naze,JP,28.3667,129.4833,71.6,56,75,10.36,broken clouds
44,Avera,US,33.194,-82.5271,75.2,35,90,5.75,overcast clouds
45,Punta Arenas,CL,-53.15,-70.9167,39.2,87,0,10.36,clear sky
46,Adamantina,BR,-21.6853,-51.0725,75.2,46,0,14.97,clear sky
47,Castro,BR,-24.7911,-50.0119,53.73,97,100,5.77,overcast clouds
48,Omboue,GA,-1.5746,9.2618,76.59,89,100,3.74,overcast clouds
49,Zheleznodorozhnyy,RU,55.7503,38.0042,53.01,70,100,2.24,light rain
50,Mahebourg,MU,-20.4081,57.7,77.0,88,75,2.3,light rain
51,Atuona,PF,-9.8,-139.0333,80.85,72,15,19.53,few clouds
52,Hilo,US,19.7297,-155.09,80.6,54,1,11.5,clear sky
53,Verkhoyansk,RU,67.5447,133.385,11.95,79,97,2.3,overcast clouds
54,Cherskiy,RU,68.75,161.3,18.84,63,1,4.68,clear sky
55,Salalah,OM,17.0151,54.0924,77.0,78,20,4.61,few clouds
56,Bathsheba,BB,13.2167,-59.5167,77.0,73,20,8.05,few clouds
57,Oksovskiy,RU,62.6062,39.8984,28.96,93,38,3.44,scattered clouds
58,Ridgecrest,US,35.6225,-117.6709,66.2,13,75,17.27,broken clouds
59,Rawson,AR,-43.3002,-65.1023,66.2,52,98,3.74,overcast clouds
60,San Cristobal,VE,7.7669,-72.225,78.8,89,20,3.44,few clouds
61,Norman Wells,CA,65.282,-126.8329,50.0,37,75,12.66,broken clouds
62,Corinto,GR,37.9407,22.9573,51.01,52,5,1.01,clear sky
63,Puerto Ayora,EC,-0.7393,-90.3518,76.24,90,23,3.04,few clouds
64,Chokurdakh,RU,70.6333,147.9167,7.2,82,77,6.53,broken clouds
65,Qaanaaq,GL,77.484,-69.3632,-11.52,62,0,7.67,clear sky
66,Severo-Kurilsk,RU,50.6789,156.125,38.84,93,100,23.49,light rain
67,Sambava,MG,-14.2667,50.1667,73.67,90,70,5.61,broken clouds
68,Fortuna,US,40.5982,-124.1573,55.0,71,1,11.5,clear sky
69,Nova Odesa,UA,47.3078,31.7851,46.71,94,100,9.66,overcast clouds
70,Chuy,UY,-33.6971,-53.4616,62.22,84,76,8.55,broken clouds
71,Manaus,BR,-3.1019,-60.025,80.6,89,0,4.61,clear sky
72,Oksfjord,NO,70.2396,22.3479,28.4,86,90,3.44,light snow
73,Cayenne,GF,4.9333,-52.3333,82.0,89,75,8.03,broken clouds
74,Sioux Lookout,CA,50.1001,-91.917,28.4,93,90,5.75,light snow
75,Aklavik,CA,68.2191,-135.0107,44.6,42,100,6.91,light snow
76,Beringovskiy,RU,63.05,179.3167,16.61,74,13,3.11,few clouds
77,Muros,ES,42.7762,-9.0603,53.01,72,18,3.0,few clouds
78,Senneterre,CA,48.3835,-77.2328,48.2,66,20,4.61,few clouds
79,Husavik,IS,66.0449,-17.3389,39.2,81,0,11.5,clear sky
80,Pangai,TO,-19.8,-174.35,82.4,65,40,4.61,scattered clouds
81,Busselton,AU,-33.65,115.3333,66.0,79,29,1.01,scattered clouds
82,Fairbanks,US,64.8378,-147.7164,46.4,56,90,6.91,haze
83,Saint Anthony,US,45.0205,-93.218,43.0,81,90,13.8,overcast clouds
84,Sao Filipe,CV,14.8961,-24.4956,76.33,57,38,11.48,scattered clouds
85,Iquique,CL,-20.2208,-70.1431,68.0,68,90,8.05,overcast clouds
86,Pasaje,EC,-3.3333,-79.8167,76.19,89,88,0.4,overcast clouds
87,Shirpur,IN,21.35,74.8833,82.2,37,0,4.16,clear sky
88,Caravelas,BR,-17.7125,-39.2481,75.04,72,66,9.35,broken clouds
89,Iralaya,HN,15.0,-83.2333,78.67,79,35,8.79,scattered clouds
90,Hithadhoo,MV,-0.6,73.0833,82.06,63,31,2.48,scattered clouds
91,Pundaguitan,PH,6.3711,126.1689,82.45,71,59,5.82,broken clouds
92,Saint-Philippe,RE,-21.3585,55.7679,73.4,83,40,5.75,light rain
93,Pinega,RU,64.7001,43.3936,31.08,81,7,9.44,clear sky
94,Baruun-Urt,MN,46.6806,113.2792,31.12,73,100,28.83,light snow
95,Harper,LR,4.375,-7.7169,80.15,83,100,4.97,overcast clouds
96,Lakatoro,VU,-16.0999,167.4164,85.59,67,10,8.77,clear sky
97,Arman,RU,59.7,150.1667,26.71,72,99,10.94,overcast clouds
98,Coquimbo,CL,-29.9533,-71.3436,59.0,88,90,1.14,overcast clouds
99,Idaho Falls,US,43.4666,-112.0341,39.2,75,90,5.75,light rain
100,Mackay,AU,-21.15,149.2,81.0,65,47,13.8,scattered clouds
101,Pangkalanbuun,ID,-2.6833,111.6167,82.92,77,92,0.63,light rain
102,Sitka,US,57.0531,-135.33,42.8,81,90,6.91,light rain
103,Kaeo,NZ,-35.1,173.7833,72.0,57,5,10.0,clear sky
104,Vanimo,PG,-2.6741,141.3028,84.22,68,100,3.94,overcast clouds
105,Ngunguru,NZ,-35.6167,174.5,72.0,57,41,10.0,scattered clouds
106,De-Kastri,RU,51.4667,140.7833,30.2,67,100,11.21,overcast clouds
107,Cape Town,ZA,-33.9258,18.4232,62.01,94,0,9.22,clear sky
108,Helong,CN,42.5397,128.9972,57.4,19,74,6.06,broken clouds
109,Saskylakh,RU,71.9167,114.0833,1.6,87,21,5.73,few clouds
110,Avarua,CK,-21.2078,-159.775,82.4,69,0,6.91,clear sky
111,Palmer,US,42.1584,-72.3287,53.6,62,75,6.91,broken clouds
112,Kitgum,UG,3.2783,32.8867,66.58,87,82,2.82,broken clouds
113,Vila Velha,BR,-20.3297,-40.2925,73.4,78,0,10.36,clear sky
114,Hofn,IS,64.2539,-15.2082,43.12,88,99,9.91,overcast clouds
115,Lebu,CL,-37.6167,-73.65,54.86,93,100,4.09,overcast clouds
116,Los Banos,PH,14.1667,121.1833,89.01,66,75,4.61,broken clouds
117,Saint George,US,37.1041,-113.5841,68.0,16,1,10.36,clear sky
118,Paamiut,GL,61.994,-49.6678,23.83,77,54,27.78,broken clouds
119,Lagoa,PT,39.05,-27.9833,60.69,87,43,10.56,scattered clouds
120,Nanortalik,GL,60.1432,-45.2371,32.45,90,50,12.93,scattered clouds
121,Ponta Do Sol,PT,32.6667,-17.1,62.6,82,20,5.75,few clouds
122,Wasilla,US,61.5814,-149.4394,39.99,70,90,10.36,overcast clouds
123,Kangaatsiaq,GL,68.3065,-53.4641,10.6,91,100,22.59,light snow
124,Longyearbyen,SJ,78.2186,15.6401,6.8,61,40,13.8,scattered clouds
125,Progreso,MX,21.2833,-89.6667,87.8,58,40,4.61,scattered clouds
126,Nome,US,64.5011,-165.4064,36.0,75,40,9.22,scattered clouds
127,Atar,MR,20.5169,-13.0499,75.96,22,90,8.75,overcast clouds
128,Barrow,US,71.2906,-156.7887,15.8,73,1,13.8,clear sky
129,Khatanga,RU,71.9667,102.5,-6.43,94,45,9.46,scattered clouds
130,Teahupoo,PF,-17.8333,-149.2667,82.4,74,75,11.5,broken clouds
131,Koror,PW,7.3398,134.4733,77.0,94,90,24.16,moderate rain
132,Sola,VU,-13.8833,167.55,82.72,70,52,12.17,broken clouds
133,Souris,CA,49.6172,-100.2612,28.4,80,90,9.22,overcast clouds
134,Clinton,US,42.587,-82.9199,44.01,56,20,10.36,few clouds
135,Puerto Del Rosario,ES,28.5004,-13.8627,68.0,77,0,6.91,clear sky
136,Yerbogachen,RU,61.2767,108.0108,27.73,69,40,7.0,scattered clouds
137,Los Llanos De Aridane,ES,28.6585,-17.9182,66.2,68,0,4.61,clear sky
138,Christchurch,NZ,-43.5333,172.6333,62.6,67,100,10.36,light rain
139,Morwell,AU,-38.2333,146.4,63.0,56,78,8.01,broken clouds
140,Kruisfontein,ZA,-34.0033,24.7314,57.0,97,2,1.01,clear sky
141,Coolum Beach,AU,-26.5333,153.1,79.0,60,0,4.81,clear sky
142,Nishihara,JP,26.1842,127.7558,73.4,73,90,9.22,overcast clouds
143,Novochernorechenskiy,RU,56.2669,91.0828,33.01,78,99,3.29,overcast clouds
144,Rocha,UY,-34.4833,-54.3333,57.49,93,25,6.08,scattered clouds
145,Xam Nua,LA,20.4197,104.0439,79.39,56,95,0.67,overcast clouds
146,Mandalgovi,MN,45.7625,106.2708,28.17,33,1,28.59,clear sky
147,Santa Fe,AR,-31.6333,-60.7,71.01,75,100,1.99,overcast clouds
148,Bowen,AU,-20.0167,148.2333,80.6,57,40,14.97,scattered clouds
149,East London,ZA,-33.0153,27.9116,67.42,83,5,6.53,clear sky
150,Sistranda,NO,63.7256,8.834,39.2,81,75,12.66,broken clouds
151,Chapais,CA,49.7834,-74.8492,44.6,45,1,4.61,clear sky
152,Camacha,PT,33.0833,-16.3333,62.6,88,40,9.22,scattered clouds
153,Sangar,RU,63.9242,127.4739,19.87,87,99,2.71,overcast clouds
154,Arraial Do Cabo,BR,-22.9661,-42.0278,74.19,62,59,4.56,broken clouds
155,Xuddur,SO,4.1213,43.8894,73.53,81,44,10.94,scattered clouds
156,Kamennogorsk,RU,60.9545,29.1339,32.0,69,0,5.75,clear sky
157,Aksarka,RU,66.5606,67.7975,32.86,90,100,12.5,overcast clouds
158,Olafsvik,IS,64.8945,-23.7142,41.67,95,85,15.68,light rain
159,Swan Hill,AU,-35.3378,143.5544,64.44,40,90,11.48,overcast clouds
160,Bandarbeyla,SO,9.4942,50.8122,79.75,75,100,4.56,overcast clouds
161,Egvekinot,RU,66.3167,-179.1667,14.65,77,13,1.68,few clouds
162,Port Elizabeth,ZA,-33.918,25.5701,59.0,94,90,4.61,fog
163,Vila Franca Do Campo,PT,37.7167,-25.4333,57.2,88,20,6.91,few clouds
164,Sarangarh,IN,21.6,83.0833,82.54,35,64,6.29,broken clouds
165,Tarancon,ES,40.0085,-3.0073,54.0,67,100,11.01,overcast clouds
166,Kyaikto,MM,17.3,97.0167,85.01,68,100,3.4,overcast clouds
167,Banjar,ID,-8.19,114.9675,82.4,83,40,6.91,scattered clouds
168,Tacoronte,ES,28.4769,-16.4102,64.99,94,75,17.27,broken clouds
169,Dikson,RU,73.5069,80.5464,-16.33,100,100,7.34,overcast clouds
170,San Fernando,PH,15.0286,120.6898,87.8,62,75,2.3,broken clouds
171,Ribeira Grande,PT,38.5167,-28.7,61.68,89,37,7.94,scattered clouds
172,Fredericton,CA,45.9454,-66.6656,39.2,70,1,4.61,clear sky
173,Pafos,CY,34.7667,32.4167,51.8,76,14,8.05,few clouds
174,Requena,ES,39.4883,-1.1004,53.01,94,100,1.99,overcast clouds
175,Sarkand,KZ,45.41,79.9186,53.38,35,0,0.69,clear sky
176,Carberry,CA,49.8689,-99.3602,28.4,80,90,9.22,overcast clouds
177,Adeje,ES,28.1227,-16.726,68.0,83,20,4.61,few clouds
178,Bethel,US,41.3712,-73.414,60.8,55,90,5.75,overcast clouds
179,Kilinochchi,LK,9.3961,80.3982,78.76,83,100,4.74,overcast clouds
180,Lethem,GY,3.3803,-59.7968,79.36,77,80,3.53,broken clouds
181,Vao,NC,-22.6667,167.4833,74.84,79,77,20.22,broken clouds
182,Manta,EC,-0.95,-80.7333,77.0,78,40,4.61,scattered clouds
183,Lasa,IT,46.6166,10.7002,36.0,74,75,6.91,light snow
184,Hualmay,PE,-11.0964,-77.6139,67.1,84,92,7.34,overcast clouds
185,Lorengau,PG,-2.0226,147.2712,83.7,71,68,5.26,broken clouds
186,Khani,GE,41.9563,42.9566,44.6,81,0,5.75,clear sky
187,Mahibadhoo,MV,3.7833,72.9667,83.03,68,70,9.4,broken clouds
188,Kloulklubed,PW,7.0419,134.2556,77.0,94,90,24.16,heavy intensity rain
189,Brylivka,UA,46.4248,33.1472,48.2,100,75,13.42,broken clouds
190,San Quintin,MX,30.4833,-115.95,57.24,69,80,16.6,broken clouds
191,Nisia Floresta,BR,-6.0911,-35.2086,78.8,94,20,3.44,few clouds
192,Talakan,RU,50.3167,130.3667,37.96,31,11,3.74,few clouds
193,Saldanha,ZA,-33.0117,17.9442,68.0,56,53,3.44,broken clouds
194,Pangnirtung,CA,66.1451,-65.7125,-9.8,98,94,5.12,overcast clouds
195,Petoa,HN,15.2667,-88.2833,80.6,83,75,3.44,broken clouds
196,Khash,IR,28.2211,61.2158,61.54,48,11,2.3,few clouds
197,Nuuk,GL,64.1835,-51.7216,23.0,93,90,25.32,light snow
198,Olinda,BR,-8.0089,-34.8553,78.8,83,75,5.75,broken clouds
199,Saijo,JP,33.9167,133.1833,60.8,44,0,10.36,clear sky
200,Monterey,US,36.2505,-121.2516,57.2,67,90,13.8,overcast clouds
201,Cabedelo,BR,-6.9811,-34.8339,77.0,100,20,4.61,few clouds
202,Torbay,CA,47.6666,-52.7314,33.01,93,90,11.5,light snow
203,Sao Miguel Do Araguaia,BR,-13.275,-50.1628,73.8,86,100,2.13,overcast clouds
204,Jining,CN,35.405,116.5814,63.54,49,69,16.44,broken clouds
205,Obihiro,JP,42.9172,143.2044,46.4,36,40,12.66,scattered clouds
206,Mount Gambier,AU,-37.8333,140.7667,59.0,77,75,18.41,broken clouds
207,Yar-Sale,RU,66.8333,70.8333,31.98,97,100,8.7,light snow
208,Cedro,BR,-6.6067,-39.0622,70.72,96,100,2.68,heavy intensity rain
209,Cornwall,CA,45.0181,-74.7281,50.0,70,1,3.27,clear sky
210,Hami,CN,42.8,93.45,53.64,12,1,11.83,clear sky
211,Sao Joao Da Barra,BR,-21.6403,-41.0511,69.85,77,22,9.35,few clouds
212,Wanning,CN,18.8003,110.3967,81.68,69,93,8.52,overcast clouds
213,Massa Marittima,IT,43.049,10.8928,48.0,57,8,4.43,clear sky
214,Moranbah,AU,-22.0016,148.0466,81.64,28,4,11.92,clear sky
215,Pala,TD,9.3642,14.9046,85.14,18,100,4.03,overcast clouds
216,Rio Grande,BR,-32.035,-52.0986,68.07,73,46,15.3,scattered clouds
217,Guerrero Negro,MX,27.9769,-114.0611,58.68,74,71,18.23,broken clouds
218,Ixtapa,MX,20.7,-105.2,77.0,78,1,5.75,clear sky
219,Tuatapere,NZ,-46.1333,167.6833,62.01,74,100,5.99,overcast clouds
220,Port Macquarie,AU,-31.4333,152.9167,80.01,42,16,1.99,few clouds
221,Mundo Nuevo,MX,18.7,-95.5,80.11,73,100,10.51,overcast clouds
222,Alexandria,EG,31.2156,29.9553,59.0,82,0,4.61,clear sky
223,Bonavista,CA,48.6499,-53.1147,32.0,93,7,2.3,clear sky
224,Koupela,BF,12.1794,-0.3517,88.12,31,31,7.23,scattered clouds
225,Port Hardy,CA,50.6996,-127.4199,53.6,62,20,14.97,few clouds
226,Mandera,KE,3.9366,41.867,81.86,64,94,13.82,overcast clouds
227,Vardo,NO,70.3705,31.1107,32.59,71,37,21.92,light snow
228,Padang,ID,-0.9492,100.3543,80.56,80,95,1.81,overcast clouds
229,Kudahuvadhoo,MV,2.6708,72.8944,82.69,64,93,8.7,overcast clouds
230,Noumea,NC,-22.2763,166.4572,79.0,83,90,11.5,overcast clouds
231,Vichy,FR,46.25,3.5833,30.0,80,0,1.14,clear sky
232,Katsuura,JP,35.1333,140.3,57.99,47,20,8.05,few clouds
233,Mehamn,NO,71.0357,27.8492,28.74,73,99,11.16,overcast clouds
234,Yanam,IN,16.7333,82.2167,80.6,78,75,11.5,light rain
235,Surgut,RU,61.25,73.4167,42.8,70,0,8.95,clear sky
236,Lavrentiya,RU,65.5833,-171.0,29.44,88,97,2.35,overcast clouds
237,Ilulissat,GL,69.2167,-51.1,15.8,57,75,17.27,broken clouds
238,Carnarvon,AU,-24.8667,113.6333,80.31,42,0,19.33,clear sky
239,Roma,US,43.2128,-75.4557,53.6,50,90,5.75,overcast clouds
240,La Ronge,CA,55.1001,-105.2842,42.8,26,98,4.61,overcast clouds
241,Zhezkazgan,KZ,47.8043,67.7144,47.16,54,1,13.85,clear sky
242,Yangmei,CN,24.1023,112.5618,67.68,92,100,1.12,overcast clouds
243,Gusinoye Ozero,RU,51.1144,106.2614,35.19,45,100,3.09,overcast clouds
244,Fuente De Oro,CO,3.4594,-73.6128,71.46,96,100,0.96,overcast clouds
245,Takoradi,GH,4.8845,-1.7554,79.65,85,100,7.4,overcast clouds
246,Airai,TL,-8.9266,125.4092,71.06,43,64,3.0,broken clouds
247,Hamilton,US,39.1834,-84.5333,53.01,71,1,3.44,clear sky
248,Satrikh,IN,26.8667,81.2,84.2,30,75,3.44,haze
249,New Norfolk,AU,-42.7826,147.0587,55.99,76,11,5.01,light rain
250,Buraydah,SA,26.326,43.975,66.2,37,0,8.05,clear sky
251,Hasaki,JP,35.7333,140.8333,57.99,40,20,12.66,few clouds
252,Dunedin,NZ,-45.8742,170.5036,62.01,65,29,3.0,scattered clouds
253,Roald,NO,62.5833,6.1333,39.2,75,90,6.91,overcast clouds
254,Amazar,RU,53.858,120.875,36.41,41,100,3.96,overcast clouds
255,Fort Nelson,CA,58.8053,-122.7002,59.0,29,40,6.91,scattered clouds
256,Alofi,NU,-19.0595,-169.9187,82.4,61,40,5.75,scattered clouds
257,Ginir,ET,7.1333,40.7,57.81,70,21,4.61,few clouds
258,Muramvya,BI,-3.2682,29.6079,57.11,95,100,0.45,light rain
259,Chicama,PE,-7.8447,-79.1469,66.2,88,20,12.66,few clouds
260,Mogadishu,SO,2.0371,45.3438,81.61,71,99,8.16,overcast clouds
261,Coihaique,CL,-45.5752,-72.0662,46.4,81,75,3.44,broken clouds
262,Redlands,US,34.0556,-117.1825,60.8,51,40,12.66,scattered clouds
263,Zabol,AF,32.25,67.25,53.85,63,65,0.89,broken clouds
264,Rio Gallegos,AR,-51.6226,-69.2181,41.0,60,0,6.91,clear sky
265,Matagami,CA,49.7502,-77.6328,44.6,93,90,10.36,overcast clouds
266,Grafton,US,42.207,-71.6856,48.2,71,90,8.05,overcast clouds
267,Araguari,BR,-18.6472,-48.1872,73.4,56,0,2.3,clear sky
268,Castanos,MX,26.7833,-101.4167,82.4,44,0,4.63,clear sky
269,Lompoc,US,34.6391,-120.4579,55.4,62,67,11.5,broken clouds
270,Norsup,VU,-16.0667,167.3833,85.6,67,12,9.35,few clouds
271,Biak,ID,-0.9131,122.8766,82.36,68,92,2.91,overcast clouds
272,Mehran,IR,33.1222,46.1646,41.0,45,0,4.61,clear sky
273,Sheffield,GB,53.383,-1.4659,32.0,86,12,2.42,few clouds
274,Samana,DO,19.2056,-69.3369,72.81,69,10,9.01,clear sky
275,Ukiah,US,39.1502,-123.2078,66.2,22,1,4.61,clear sky
276,Moussoro,TD,13.6408,16.4901,79.07,7,2,11.77,clear sky
277,Andapa,MG,-14.65,49.65,65.73,98,32,2.86,scattered clouds
278,Pavilosta,LV,56.8879,21.1859,35.6,75,90,9.22,overcast clouds
279,Zhangye,CN,38.9342,100.4517,42.39,22,3,3.69,clear sky
280,Redmond,US,47.674,-122.1215,64.4,25,1,4.61,clear sky
281,Aklera,IN,24.4167,76.5667,85.17,25,100,2.04,overcast clouds
282,Wanlaweyn,SO,2.6185,44.8938,79.59,74,93,6.11,overcast clouds
283,Sorong,ID,-0.8833,131.25,85.84,61,78,12.8,broken clouds
284,Thompson,CA,55.7435,-97.8558,30.2,34,20,2.3,few clouds
285,Parambu,BR,-6.2111,-40.6944,69.73,90,36,3.04,scattered clouds
286,Vestmanna,FO,62.1564,-7.1664,44.6,100,20,13.8,few clouds
287,Hopkinsville,US,36.8656,-87.4886,53.6,71,75,3.94,broken clouds
288,Portland,US,45.5234,-122.6762,69.8,21,20,6.91,few clouds
289,Kidal,ML,18.4411,1.4078,87.75,8,0,12.01,clear sky
290,Klaksvik,FO,62.2266,-6.589,44.6,100,20,13.8,few clouds
291,Nouadhibou,MR,20.931,-17.0347,66.2,94,75,18.41,broken clouds
292,Souillac,MU,-20.5167,57.5167,77.0,88,75,2.3,light rain
293,Kefalos,GR,36.7453,26.9589,55.4,82,40,13.8,scattered clouds
294,Margate,GB,51.3813,1.3862,41.0,71,15,3.0,few clouds
295,Mlonggo,ID,-6.5333,110.7,82.4,78,40,4.61,haze
296,Letychiv,UA,49.3826,27.6305,41.79,96,74,8.72,broken clouds
297,Mason City,US,43.1536,-93.201,41.0,70,90,12.66,overcast clouds
298,Umm Lajj,SA,25.0213,37.2685,72.81,53,0,8.7,clear sky
299,Boende,CD,-0.2167,20.8667,70.21,98,81,3.29,broken clouds
300,Meulaboh,ID,4.1363,96.1285,81.18,77,81,2.93,broken clouds
301,Moose Factory,CA,51.2585,-80.6094,32.0,100,90,11.5,overcast clouds
302,Cootamundra,AU,-34.65,148.0333,66.0,48,10,5.01,clear sky
303,Namibe,AO,-15.1961,12.1522,79.99,78,33,3.18,scattered clouds
304,Mortka,RU,59.3322,66.0214,46.62,81,10,9.93,clear sky
305,Esperance,AU,-33.8667,121.9,66.2,72,75,11.5,broken clouds
306,Kolvereid,NO,64.8655,11.6047,36.45,91,100,11.92,light rain
307,Muroto,JP,33.2833,134.15,60.8,44,0,9.22,clear sky
308,Sinnamary,GF,5.3833,-52.95,78.39,90,97,8.59,overcast clouds
309,Candido Mendes,BR,-1.4467,-45.7167,75.99,95,95,3.71,overcast clouds
310,Santa Rosa,PH,14.3122,121.1114,89.01,66,75,4.61,broken clouds
311,San Patricio,US,28.017,-97.5169,80.6,83,1,9.22,clear sky
312,Tornio,FI,65.8481,24.1466,26.6,74,0,6.91,clear sky
313,Inongo,CD,-1.95,18.2667,72.27,91,56,2.95,broken clouds
314,Salinopolis,BR,-0.6136,-47.3561,78.91,87,90,9.6,overcast clouds
315,Riyadh,SA,24.6877,46.7219,73.4,31,20,11.5,few clouds
316,Rudnya,RU,54.947,31.0934,44.28,94,100,12.59,light rain
317,Itamaraca,BR,-7.7478,-34.8256,78.8,83,75,5.75,light rain
318,Siguiri,GN,11.6667,-9.5,83.77,49,100,9.31,overcast clouds
319,Panjab,AF,34.388,67.0233,40.62,89,100,3.85,light rain
320,Kota Kinabalu,MY,5.9749,116.0724,84.2,79,20,4.61,few clouds
321,Ossora,RU,59.2353,163.0719,30.9,97,100,10.11,snow
322,Itacare,BR,-14.2775,-38.9967,75.2,94,90,8.05,overcast clouds
323,Ratnagiri,IN,16.9833,73.3,81.64,65,0,2.48,clear sky
324,Priyutnoye,RU,46.1011,43.5072,46.74,93,98,7.81,light rain
325,Kabare,CD,-2.4683,28.8242,59.11,95,100,0.65,overcast clouds
326,Port Lincoln,AU,-34.7333,135.8667,67.08,48,18,11.21,few clouds
327,Zwedru,LR,6.0667,-8.1281,73.6,97,90,1.97,overcast clouds
328,Krasnoye,UA,49.9145,24.6134,32.0,100,75,6.71,broken clouds
329,Andenes,NO,69.3143,16.1194,39.2,81,90,27.63,overcast clouds
330,Iqaluit,CA,63.7506,-68.5145,-2.2,71,1,13.8,clear sky
331,Geraldton,AU,-28.7667,114.6,69.8,43,0,21.85,clear sky
332,Langenburg,DE,49.2544,9.8458,28.4,86,19,1.14,few clouds
333,Brae,GB,60.3964,-1.353,42.8,93,20,3.96,few clouds
334,The Valley,AI,18.217,-63.0578,79.0,83,40,5.75,scattered clouds
335,Sandviken,SE,60.6167,16.7667,32.0,86,9,3.91,clear sky
336,Baykit,RU,61.67,96.37,24.71,82,98,6.38,overcast clouds
337,Pierre,US,44.3683,-100.351,44.01,60,1,9.22,clear sky
338,Borovskoy,KZ,53.8,64.15,42.26,75,10,6.49,clear sky
339,Leningradskiy,RU,69.3833,178.4167,14.07,87,93,5.61,overcast clouds
340,Berlevag,NO,70.8578,29.0864,30.58,77,95,17.83,light snow
341,Laiyang,CN,36.9758,120.7136,63.0,55,29,3.0,scattered clouds
342,Touros,BR,-5.1989,-35.4608,77.0,94,20,3.44,few clouds
343,Natal,BR,-5.795,-35.2094,78.8,89,20,4.61,few clouds
344,Ancud,CL,-41.8697,-73.8203,48.0,100,90,2.3,fog
345,Half Moon Bay,US,37.4636,-122.4286,59.0,76,1,5.75,haze
346,Santiago Del Estero,AR,-27.7951,-64.2615,75.22,57,100,6.13,overcast clouds
347,Terney,RU,45.0503,136.6092,43.83,36,6,8.03,clear sky
348,Hambantota,LK,6.1241,81.1185,75.2,100,20,3.44,few clouds
349,Whitehorse,CA,60.7161,-135.0538,44.6,49,75,17.27,broken clouds
350,Togur,RU,58.3631,82.8265,35.55,99,100,6.46,overcast clouds
351,Sibolga,ID,1.7427,98.7792,83.61,68,82,1.36,broken clouds
352,Vestmannaeyjar,IS,63.4427,-20.2734,44.13,91,100,28.68,light rain
353,Mbuguni,TZ,-3.5667,36.95,71.6,88,75,4.09,broken clouds
354,Grande Prairie,CA,55.1667,-118.8027,55.4,38,20,6.91,few clouds
355,Tual,ID,-5.6667,132.75,82.71,69,75,6.44,broken clouds
356,Saint-Ambroise,CA,48.5501,-71.3324,50.0,27,32,5.75,scattered clouds
357,Evensk,RU,61.95,159.2333,18.12,91,100,15.26,light snow
358,Mayo,US,38.8876,-76.5119,57.2,100,90,5.75,moderate rain
359,Vredendal,ZA,-31.6683,18.5012,79.66,21,63,5.59,broken clouds
360,Sergeyevka,KZ,53.88,67.4158,37.56,77,18,6.24,few clouds
361,Tilichiki,RU,60.4667,166.1,22.26,83,100,6.93,overcast clouds
362,El Alto,PE,-4.2714,-81.2147,69.82,74,88,11.36,overcast clouds
363,Yichang,CN,30.7144,111.2847,66.0,64,52,1.52,broken clouds
364,Shimoda,JP,34.6667,138.95,53.6,43,40,17.27,scattered clouds
365,Ardu,EE,59.0986,25.3541,35.6,69,0,6.91,clear sky
366,Altoona,US,40.5187,-78.3947,54.0,67,56,4.85,broken clouds
367,Ketchikan,US,55.3422,-131.6461,50.0,66,1,10.36,clear sky
368,Hobyo,SO,5.3505,48.5268,81.12,69,95,9.71,overcast clouds
369,Port Hawkesbury,CA,45.6169,-61.3485,34.0,80,1,6.96,clear sky
370,Novaya Lyalya,RU,59.055,60.599,46.33,95,54,8.61,broken clouds
371,Jizan,SA,17.3333,42.6667,82.4,74,40,3.44,scattered clouds
372,Zarubino,RU,42.63,131.0922,43.86,53,37,8.75,scattered clouds
373,Svetlogorsk,BY,52.6333,29.7333,47.21,82,100,5.57,overcast clouds
374,Galveston,US,29.3669,-94.9669,72.0,83,90,14.97,overcast clouds
375,Alice Springs,AU,-23.7,133.8833,75.99,40,0,12.66,clear sky
376,Hay River,CA,60.8156,-115.7999,42.8,42,1,5.75,clear sky
377,Dandong,CN,40.1292,124.3947,54.82,46,3,17.63,clear sky
378,Lima,PE,-12.0432,-77.0282,66.2,82,0,4.61,clear sky
379,Atambua,ID,-9.1061,124.8925,80.51,55,63,2.1,broken clouds
380,Stranda,NO,62.3096,6.9358,32.0,83,11,7.63,few clouds
381,Praia Da Vitoria,PT,38.7333,-27.0667,57.99,94,0,3.4,clear sky
382,Petropavlovsk-Kamchatskiy,RU,53.0452,158.6483,42.8,87,75,13.42,broken clouds
383,Zhanakorgan,KZ,43.9098,67.2495,55.8,56,0,9.69,clear sky
384,Lakes Entrance,AU,-37.8811,147.981,69.01,44,0,3.0,clear sky
385,Vyartsilya,RU,62.1764,30.693,28.27,92,6,3.0,clear sky
386,Acapulco,MX,16.8634,-99.8901,78.8,89,75,8.05,broken clouds
387,Anadyr,RU,64.75,177.4833,10.4,67,0,4.47,clear sky
388,Fomboni,KM,-12.28,43.7425,82.9,71,93,11.34,overcast clouds
389,Waingapu,ID,-9.6567,120.2641,82.81,65,9,4.25,clear sky
390,Malanje,AO,-9.5402,16.341,63.18,96,98,3.24,overcast clouds
391,Broome,US,42.2506,-75.833,54.0,71,90,9.22,overcast clouds
392,Djambala,CG,-2.5447,14.7533,67.44,90,100,2.59,light rain
393,Martapura,ID,-3.4167,114.85,80.6,94,40,6.91,scattered clouds
394,Richards Bay,ZA,-28.783,32.0377,72.27,88,49,8.61,scattered clouds
395,Rosita,NI,13.9268,-84.4032,74.61,82,7,1.86,clear sky
396,Grand Gaube,MU,-20.0064,57.6608,75.0,87,96,1.99,light rain
397,Kyren,RU,51.6828,102.1408,34.72,52,100,1.54,overcast clouds
398,Zhigansk,RU,66.7697,123.3711,22.15,90,100,9.04,light snow
399,Balkanabat,TM,39.5108,54.3671,63.27,49,99,6.4,overcast clouds
400,Puerto Quijarro,BO,-17.7833,-57.7667,76.73,52,26,1.72,scattered clouds
401,Luanda,AO,-8.8368,13.2343,78.8,89,20,1.14,few clouds
402,Kununurra,AU,-15.7667,128.7333,89.6,31,16,3.44,few clouds
403,Nguruka,TZ,-5.1092,31.0419,62.87,98,97,1.88,light rain
404,Tazovskiy,RU,67.4667,78.7,31.87,99,100,10.13,snow
405,Cocorit,MX,27.5833,-109.9667,77.0,41,40,5.75,scattered clouds
406,Cockburn Town,TC,21.4612,-71.1419,74.12,64,3,13.27,clear sky
407,Tezu,IN,27.9167,96.1667,86.7,23,100,1.16,overcast clouds
408,Brenham,US,30.1669,-96.3977,72.0,88,90,8.05,overcast clouds
409,Kavaratti,IN,10.5669,72.642,83.77,68,1,2.21,clear sky
410,Matara,LK,5.9485,80.5353,79.92,81,73,1.45,broken clouds
411,Grindavik,IS,63.8424,-22.4338,44.6,93,90,24.16,light rain
412,Gandajika,CD,-6.75,23.95,62.64,96,99,2.8,overcast clouds
413,Adra,ES,36.7496,-3.0206,57.2,77,75,11.5,broken clouds
414,Faanui,PF,-16.4833,-151.75,82.0,73,100,11.14,overcast clouds
415,Batemans Bay,AU,-35.7167,150.1833,70.0,71,2,3.0,clear sky
416,Landeck,AT,47.1301,10.5636,24.8,74,75,6.91,broken clouds
417,Awbari,LY,26.5921,12.7805,69.19,31,91,10.49,overcast clouds
418,Puerto Colombia,CO,10.9878,-74.9547,80.6,89,40,10.36,scattered clouds
419,Ifakara,TZ,-8.1333,36.6833,71.08,97,100,1.43,light rain
420,Sorland,NO,67.667,12.6934,41.09,82,100,24.9,light rain
421,Deputatskiy,RU,69.3,139.9,-0.78,92,99,4.29,overcast clouds
422,Henties Bay,NA,-22.116,14.2845,73.99,37,0,7.47,clear sky
423,Fougamou,GA,-1.2154,10.5838,74.21,97,100,0.29,overcast clouds
424,Charlestown,AU,-32.95,151.6667,75.99,42,0,3.56,clear sky
425,Saint-Pierre,RE,-21.3393,55.4781,73.4,83,40,5.75,light rain
426,Lianran,CN,24.9227,102.485,73.99,42,0,15.66,clear sky
427,Tambo,PE,-14.8,-73.9167,40.01,80,100,2.53,overcast clouds
428,Erzin,TR,36.9559,36.2,54.0,88,100,1.99,overcast clouds
429,Haysville,US,37.5645,-97.3523,54.0,40,90,12.66,overcast clouds
430,Saint-Denis,FR,48.9167,2.3333,39.99,81,0,8.05,clear sky
431,Varadero,CU,23.1536,-81.2514,73.4,78,20,5.75,few clouds
432,Hangu,CN,39.2489,117.7892,60.8,51,93,15.66,overcast clouds
433,Ondjiva,AO,-17.0667,15.7333,63.34,54,13,5.37,few clouds
434,Abong Mbang,CM,3.9833,13.1833,67.86,97,100,2.59,overcast clouds
435,Haines Junction,CA,60.7522,-137.5108,48.2,34,43,6.91,scattered clouds
436,Kutum,SD,14.2,24.6667,67.42,12,13,8.39,few clouds
437,Pisco,PE,-13.7,-76.2167,66.2,82,0,8.05,clear sky
438,Opuwo,NA,-18.0607,13.84,68.22,36,59,6.49,broken clouds
439,Beidao,CN,34.5686,105.8933,50.0,64,100,11.99,overcast clouds
440,Sao Jose Da Coroa Grande,BR,-8.8978,-35.1478,76.57,87,44,6.29,moderate rain
441,Burdur,TR,37.7203,30.2908,39.2,87,40,3.44,scattered clouds
442,Praia,CV,14.9215,-23.5087,71.6,64,0,16.11,clear sky
443,Nabire,ID,-3.3667,135.4833,86.83,61,87,4.0,overcast clouds
444,Havre-Saint-Pierre,CA,50.2334,-63.5986,32.0,93,1,4.61,clear sky
445,Caraballeda,VE,10.6112,-66.8522,71.01,78,100,1.01,overcast clouds
446,Orsha,BY,54.5153,30.4053,44.62,94,100,9.35,overcast clouds
447,Bali Chak,IN,22.3667,87.55,89.37,39,100,9.48,overcast clouds
448,Coihueco,CL,-36.6167,-71.8333,55.4,94,1,3.44,clear sky
449,Abadan,IR,30.3392,48.3043,68.0,37,0,9.22,clear sky
450,Reshetylivka,UA,49.565,34.0782,45.75,86,99,5.97,overcast clouds
451,Lashio,MM,22.9333,97.75,83.07,18,89,1.9,overcast clouds
452,Torquay,GB,50.4638,-3.5143,44.01,1,15,8.43,few clouds
453,Faya,SA,18.3851,42.4509,64.4,59,0,2.51,clear sky
454,Rasipuram,IN,11.4667,78.1667,73.4,88,75,6.91,mist
455,Penzance,GB,50.1186,-5.5371,46.0,87,20,6.91,few clouds
456,Victoria,HK,22.2855,114.1577,73.0,88,100,1.01,overcast clouds
457,College,US,64.8569,-147.8028,46.4,46,75,4.47,broken clouds
458,North Bend,US,43.4065,-124.2243,55.99,58,1,16.11,clear sky
459,Todos Santos,MX,23.45,-110.2167,64.99,85,76,4.0,broken clouds
460,Bambous Virieux,MU,-20.3428,57.7575,77.0,94,75,6.91,light rain
461,Brownwood,US,31.7093,-98.9912,64.4,68,90,12.66,overcast clouds
462,Moindou,NC,-21.6924,165.677,77.0,83,90,11.5,light rain
463,Namatanai,PG,-3.6667,152.4333,85.35,65,25,4.32,scattered clouds
464,Zyryanka,RU,65.75,150.85,10.49,75,100,3.65,overcast clouds
465,Lata,PT,40.1629,-8.3327,60.01,95,100,2.33,overcast clouds
466,Susehri,TR,40.1644,38.0867,45.34,76,100,4.0,overcast clouds
467,Kodar,IN,16.9833,79.9667,80.62,60,5,5.19,clear sky
468,Srednekolymsk,RU,67.45,153.6833,16.09,69,5,7.16,clear sky
469,Codrington,AU,-38.2667,141.9667,59.58,75,100,18.43,overcast clouds
470,Narsaq,GL,60.9167,-46.05,32.0,74,28,1.14,scattered clouds
471,Zalantun,CN,48.0,122.7167,44.11,33,100,9.44,overcast clouds
472,Kawambwa,ZM,-9.7915,29.0791,60.69,97,98,4.74,overcast clouds
473,Bengkulu,ID,-3.8004,102.2655,81.61,70,99,2.44,overcast clouds
474,Steinbach,DE,50.1667,8.5667,32.0,86,0,6.91,clear sky
475,Orlik,RU,52.5178,99.825,27.79,57,100,16.42,light snow
476,Channel-Port Aux Basques,CA,47.5702,-59.1367,39.31,75,25,10.33,scattered clouds
477,Asahikawa,JP,43.7678,142.3703,39.2,52,75,9.22,broken clouds
478,Markala,ML,13.7021,-6.0659,89.31,33,40,10.89,scattered clouds
479,Magadan,RU,59.5667,150.8,23.5,80,100,16.82,light snow
480,Axim,GH,4.8699,-2.2405,79.72,84,100,6.15,overcast clouds
481,Vilhena,BR,-12.7406,-60.1458,71.28,88,100,2.93,overcast clouds
482,Crib Point,AU,-38.35,145.2,64.99,63,46,20.31,scattered clouds
483,Neuquen,AR,-38.9516,-68.0591,55.4,71,0,14.61,clear sky
484,Thinadhoo,MV,0.5333,72.9333,81.95,63,15,2.82,few clouds
485,Kobryn,BY,52.2138,24.3564,36.73,96,100,2.91,overcast clouds
486,Halifax,CA,44.6453,-63.5724,37.4,70,29,9.22,scattered clouds
487,Hornepayne,CA,49.2138,-84.7705,34.02,95,100,10.47,snow
488,Coos Bay,US,43.3665,-124.2179,55.99,58,1,16.11,clear sky
489,Searcy,US,35.2506,-91.7363,53.6,87,1,4.16,clear sky
490,Bay Roberts,CA,47.5999,-53.2648,33.01,91,66,5.99,broken clouds
491,Escarcega,MX,18.6089,-90.7454,83.46,41,80,4.43,broken clouds
492,Bosaso,SO,11.2842,49.1816,78.76,71,35,7.47,scattered clouds
493,Chebenki,RU,51.9337,55.7077,41.0,87,0,4.47,clear sky
494,Guiyang,CN,26.5833,106.7167,53.6,94,90,4.47,light intensity drizzle
495,La Union,PE,-5.4,-80.75,76.23,59,76,15.17,broken clouds
496,Morros,BR,-9.4467,-46.3003,73.06,79,99,2.1,overcast clouds
497,Drochia,MD,48.035,27.8161,43.38,87,100,12.62,light rain
498,Burnie,AU,-41.0667,145.9167,53.1,86,98,13.44,light rain
499,Arroyo,ES,41.6096,-4.7969,45.0,70,40,13.8,scattered clouds
500,Yelizovo,RU,53.1873,158.3805,42.8,87,75,13.42,broken clouds
501,Altagracia De Orituco,VE,9.8601,-66.3814,75.49,86,99,2.68,overcast clouds
502,Flin Flon,CA,54.7682,-101.865,29.62,77,100,3.42,overcast clouds
503,Pineville,US,31.3224,-92.4343,64.99,94,90,5.75,overcast clouds
504,Voznesenye,RU,61.0106,35.4781,30.25,91,100,4.5,overcast clouds
505,Barstow,US,34.8986,-117.0228,66.2,22,1,34.52,clear sky
506,Riohacha,CO,11.5444,-72.9072,79.81,83,94,13.18,overcast clouds
507,Ucluelet,CA,48.9329,-125.5528,59.0,47,20,12.66,few clouds
508,Fukue,JP,32.6881,128.8419,59.0,47,75,11.5,broken clouds
509,Havoysund,NO,70.9963,24.6622,26.6,74,75,4.61,broken clouds
510,Walvis Bay,NA,-22.9575,14.5053,73.99,37,0,4.45,clear sky
511,Tottori,JP,35.5,134.2333,53.6,58,75,5.75,broken clouds
512,Adilcevaz,TR,38.8039,42.7342,33.8,80,20,3.44,few clouds
513,Lyubinskiy,RU,55.1542,72.6925,37.4,100,2,2.24,mist
514,Lincoln,US,40.8,-96.667,44.01,49,1,6.91,clear sky
515,Moerai,PF,-22.4333,-151.3333,79.2,74,100,17.25,overcast clouds
516,Seljord,NO,59.4894,8.634,37.0,89,55,3.98,broken clouds
517,Ocos,GT,14.5094,-92.1933,82.4,78,40,4.61,scattered clouds
518,Holme,DK,56.1138,10.1725,30.99,86,33,2.3,scattered clouds
519,Angoram,PG,-4.0625,144.0661,85.28,73,93,1.63,overcast clouds
520,Komsomolskiy,UZ,40.4272,71.7189,53.6,66,100,6.91,overcast clouds
521,Puerto Ayacucho,VE,5.6639,-67.6236,72.48,95,100,2.33,overcast clouds
522,Maneadero,MX,31.7167,-116.5667,57.99,75,22,5.01,few clouds
523,Watsonville,US,36.9102,-121.7569,55.99,76,1,10.36,clear sky
524,Seoul,KR,37.5683,126.9778,53.6,62,40,3.44,scattered clouds
525,Petropavlovka,RU,50.6114,105.3196,33.62,43,100,4.5,overcast clouds
526,Vikhorevka,RU,56.1201,101.1636,30.2,86,40,6.71,light snow
527,Dolores,AR,-36.3132,-57.6792,57.25,85,0,6.58,clear sky
528,Buin,CL,-33.7333,-70.75,64.99,77,0,6.91,clear sky
529,San Juan,AR,-31.5375,-68.5364,70.93,39,0,5.66,clear sky
530,Bangolo,CI,7.0069,-7.475,70.5,96,100,2.57,light rain
531,Sarangani,PH,5.4033,125.4636,83.26,75,93,14.61,overcast clouds
532,Uribia,CO,11.7139,-72.266,83.55,67,75,15.05,broken clouds
533,Pemberton,CA,50.3164,-122.8027,66.2,11,1,5.75,clear sky
534,Isangel,VU,-19.55,169.2667,84.2,79,20,6.91,few clouds
535,Nizwa,OM,22.9333,57.5333,75.45,32,0,1.92,clear sky
536,Mineiros,BR,-17.5694,-52.5511,68.77,58,5,3.62,clear sky
537,Broken Hill,AU,-31.95,141.4333,62.6,45,95,13.8,overcast clouds
538,Virginia Beach,US,36.8529,-75.978,60.8,77,90,4.61,heavy intensity rain
539,Lingao,CN,19.9103,109.6859,81.57,67,100,9.19,overcast clouds
540,Tiksi,RU,71.6872,128.8694,13.17,90,54,2.35,broken clouds
541,Galesong,ID,-5.3166,119.3661,84.2,74,20,3.44,few clouds
542,Ciudad Bolivar,VE,8.1222,-63.5497,85.51,59,100,1.54,overcast clouds
543,Tawang,IN,27.5833,91.8667,51.87,53,59,5.14,broken clouds
544,Kyra,RU,49.5776,111.9753,33.87,32,100,14.16,overcast clouds
545,Nortelandia,BR,-14.4547,-56.8028,77.36,74,99,3.15,overcast clouds
546,Caxias,PT,38.7031,-9.2767,60.01,100,75,2.3,broken clouds
547,Teya,RU,60.3778,92.6267,25.63,83,94,4.92,overcast clouds
548,Poum,NC,-20.2333,164.0167,78.1,82,99,11.41,overcast clouds
549,Maihar,IN,24.2667,80.75,86.14,25,100,9.15,overcast clouds
550,Candolim,IN,15.5181,73.7626,80.6,89,75,3.44,mist
551,Deqing,CN,30.5448,119.9599,55.0,78,100,7.0,overcast clouds
552,Xinpu,CN,34.5997,119.1594,58.15,41,100,11.12,overcast clouds
553,Mbanza-Ngungu,CD,-5.25,14.8667,66.72,96,91,3.27,moderate rain
554,Muscat,OM,23.6139,58.5922,78.8,53,0,3.44,clear sky
555,Port Augusta,AU,-32.5,137.7667,68.0,40,93,9.22,overcast clouds
556,Ishigaki,JP,24.3448,124.1572,75.2,83,75,12.66,broken clouds
557,Weinan,CN,34.5036,109.5089,64.0,76,100,11.18,mist
558,Kriel,ZA,-26.2739,29.2253,60.01,72,14,5.12,few clouds
559,Maltahohe,NA,-24.8333,16.9833,61.54,32,0,8.9,clear sky
560,Ekhabi,RU,53.5102,142.9671,26.35,81,100,24.32,light snow
561,Menongue,AO,-14.6585,17.691,60.42,81,42,3.0,scattered clouds
562,Challapata,BO,-18.9,-66.7667,52.39,54,42,2.17,scattered clouds
563,Jiexiu,CN,37.0244,111.9125,61.54,34,60,16.6,broken clouds
564,Borogontsy,RU,62.6683,131.1683,24.51,81,74,3.27,broken clouds
565,Zaranj,AF,30.9667,61.8833,68.23,40,98,8.34,overcast clouds
566,Goure,NE,13.9835,10.2704,75.9,6,5,6.64,clear sky
567,Black River,JM,18.0264,-77.8487,82.4,24,20,12.66,few clouds
568,Naryan-Mar,RU,67.6713,53.087,28.06,86,97,22.59,overcast clouds
569,Port Blair,IN,11.6667,92.75,83.86,70,100,0.92,overcast clouds
570,Tank,PK,32.2217,70.3793,77.04,41,100,4.65,light rain
571,Ostrovnoy,RU,68.0531,39.5131,26.85,84,79,27.92,broken clouds
572,Trinidad,BO,-14.8333,-64.9,73.99,87,57,2.93,broken clouds
573,Bontang,ID,0.1333,117.5,75.18,93,100,10.2,overcast clouds
574,Elko,US,41.0002,-115.5012,41.0,81,100,7.0,overcast clouds
575,Aykhal,RU,66.0,111.5,20.28,87,92,5.93,overcast clouds
576,Isla Mujeres,MX,21.2311,-86.731,80.6,78,75,12.66,broken clouds
577,Aripuana,BR,-9.1667,-60.6333,73.35,97,100,2.21,overcast clouds
578,Marsh Harbour,BS,26.5412,-77.0636,71.37,62,3,12.24,clear sky
579,Kralendijk,BQ,12.15,-68.2667,80.6,89,57,12.66,broken clouds
580,Stephenville Crossing,CA,48.5,-58.4318,41.0,48,1,13.8,clear sky
581,Dumka,IN,24.2667,87.25,91.63,14,9,4.43,clear sky
582,Ballina,AU,-28.8667,153.5667,78.8,44,0,2.3,clear sky
583,Safford,US,32.834,-109.7076,78.8,8,1,10.36,clear sky
584,Ugoofaaru,MV,5.6667,73.0,82.96,69,83,6.15,broken clouds
585,Salaga,GH,8.5508,-0.5188,82.29,59,73,9.01,broken clouds
586,Merauke,ID,-8.4667,140.3333,85.41,60,99,9.08,overcast clouds
587,Abeche,TD,13.8292,20.8324,78.37,9,0,13.6,clear sky
588,Ribeira Brava,PT,32.65,-17.0667,62.6,82,20,5.75,few clouds
589,Te Anau,NZ,-45.4167,167.7167,53.78,83,98,6.33,overcast clouds
590,Canandaigua,US,42.8742,-77.288,52.0,34,96,1.99,overcast clouds
591,Buchanan,LR,5.8808,-10.0467,78.03,85,97,1.9,light rain
592,Sisimiut,GL,66.9395,-53.6735,7.59,87,40,19.06,scattered clouds
593,Edd,ER,13.9297,41.6925,79.75,81,33,4.61,scattered clouds
594,Saint-Augustin,CA,51.226,-58.6502,35.22,72,0,3.74,clear sky
595,Sorkjosen,NO,69.8,20.9333,30.94,96,100,9.22,light snow
596,Rondonopolis,BR,-16.4708,-54.6356,74.37,54,29,1.99,scattered clouds
597,Satinka,RU,52.3792,41.6819,47.16,71,32,7.56,scattered clouds
598,Bardiyah,LY,31.7561,25.0865,66.76,40,7,11.9,clear sky
599,Larsnes,NO,62.2028,5.5773,41.0,81,17,1.01,few clouds
600,Bubaque,GW,11.2833,-15.8333,77.43,80,78,12.75,broken clouds
601,Aksu,CN,41.1231,80.2644,59.7,27,87,3.76,overcast clouds
602,Huarmey,PE,-10.0681,-78.1522,68.14,83,84,5.75,broken clouds
603,Dubbo,AU,-32.25,148.6167,71.6,37,1,4.61,clear sky
604,Yar,RU,58.249,52.1026,38.73,96,36,3.89,scattered clouds
605,Verkhniye Achaluki,RU,43.3469,44.6975,33.8,100,9,4.47,clear sky
606,Leshukonskoye,RU,64.8989,45.7622,30.85,78,8,9.28,clear sky
607,Apac,UG,1.9756,32.5386,64.08,91,22,2.13,few clouds
608,Prieska,ZA,-29.6641,22.7474,71.4,28,27,1.21,scattered clouds
609,Sur,OM,22.5667,59.5289,83.3,41,3,7.07,clear sky
610,Strezhevoy,RU,60.7333,77.5889,41.0,70,0,8.95,clear sky
611,Lac Du Bonnet,CA,50.2536,-96.0612,34.0,100,100,3.0,overcast clouds
612,San Ramon,US,37.7799,-121.978,62.01,41,1,16.11,clear sky
613,Hammerfest,NO,70.6634,23.6821,26.6,74,75,4.61,light snow
614,Butembo,CD,0.15,29.2833,57.65,95,100,2.86,overcast clouds
615,Solano,US,38.2333,-121.9511,66.99,32,1,18.41,clear sky
616,Korla,CN,41.7597,86.1469,59.77,23,10,8.39,clear sky
617,Nioki,CD,-2.7167,17.6833,70.77,96,79,2.3,broken clouds
618,Waddan,LY,29.1614,16.139,60.67,47,97,4.03,overcast clouds
619,Zhuji,CN,29.7188,120.2423,57.2,72,75,4.47,broken clouds
620,Tautira,PF,-17.7333,-149.15,82.4,74,75,11.5,broken clouds
621,Kainantu,PG,-6.2887,145.8655,76.98,50,100,2.71,overcast clouds
622,Borba,BR,-4.3878,-59.5939,74.57,98,98,0.76,overcast clouds
623,Langeskov,DK,55.3565,10.5845,37.0,72,60,9.28,broken clouds
624,Alyangula,AU,-13.8483,136.4192,86.0,70,90,9.89,overcast clouds
625,Narragansett,US,41.4501,-71.4495,46.4,81,90,6.91,overcast clouds
626,Suntar,RU,62.1444,117.6319,29.73,87,100,3.09,overcast clouds
627,Ilinskiy,RU,55.619,38.1182,53.01,70,100,2.24,light rain
628,Melfort,CA,52.8667,-104.6177,32.0,64,85,3.44,overcast clouds
629,Gillette,US,44.2911,-105.5022,30.2,69,90,9.22,overcast clouds
630,Biu,NG,10.6129,12.1946,80.26,41,99,9.51,overcast clouds
631,Villa Guerrero,MX,18.8667,-99.65,89.01,71,75,5.75,broken clouds
632,Phek,IN,25.6667,94.5,69.28,36,63,1.79,broken clouds
633,Krupanj,RS,44.3656,19.3619,33.8,100,75,2.3,broken clouds
634,Bonfim,BR,3.0833,-59.95,78.48,82,72,2.04,light rain
635,Dabhol,IN,17.6,73.1667,79.99,65,0,1.59,clear sky
636,Rypefjord,NO,70.6333,23.6667,26.6,74,75,4.61,light snow
637,Alepe,CI,5.5004,-3.6631,82.4,89,20,6.91,few clouds
638,Mugango,TZ,-1.6833,33.7,66.02,84,100,6.53,overcast clouds
639,Jacareacanga,BR,-6.2222,-57.7528,74.52,96,100,0.98,overcast clouds
640,Upata,VE,8.0086,-62.3989,82.0,77,91,1.99,overcast clouds
641,Leon,MX,21.1167,-101.6667,78.8,21,75,12.73,broken clouds
642,Carcassonne,FR,43.25,2.1667,44.6,93,0,3.44,clear sky
643,Finote Selam,ET,10.7,37.2667,64.74,64,85,2.15,overcast clouds
644,Kaffrine,SN,14.1059,-15.5508,74.95,36,0,7.45,clear sky
645,Port-Gentil,GA,-0.7193,8.7815,81.18,78,100,3.02,overcast clouds
646,Asau,RO,46.4333,26.4,39.0,67,100,4.0,overcast clouds
647,Staraya Kulatka,RU,52.7167,47.6167,47.14,83,22,3.49,few clouds
648,Lokosovo,RU,61.1333,74.8167,43.77,94,96,12.71,overcast clouds
649,Marrakesh,MA,31.6315,-8.0083,60.8,77,75,6.91,broken clouds
650,Bucerias,MX,20.75,-105.3333,77.0,78,1,5.75,clear sky
651,Montepuez,MZ,-13.1256,38.9997,66.11,96,99,6.13,overcast clouds
652,Saint-Francois,FR,46.4154,3.9054,30.0,86,0,2.53,clear sky
653,Ahuimanu,US,21.4447,-157.8378,80.6,57,20,12.66,few clouds
654,Ilhabela,BR,-23.7781,-45.3581,70.95,75,57,7.54,broken clouds
655,Chernyshevskiy,RU,63.0128,112.4714,24.48,84,95,5.01,overcast clouds
656,Buala,SB,-8.145,159.5921,84.58,69,49,2.53,light rain
657,Avanigadda,IN,16.0215,80.9181,77.0,83,75,2.3,broken clouds
658,Yulara,AU,-25.2406,130.9889,62.6,72,75,14.97,broken clouds
659,Qujing,CN,25.4833,103.7833,68.56,32,100,15.9,overcast clouds
660,Labuhan,ID,-6.8844,112.2051,82.47,74,66,7.67,broken clouds
661,Iracoubo,GF,5.4802,-53.2011,78.46,89,99,8.25,overcast clouds
662,Tabriz,IR,38.08,46.2919,42.8,49,0,4.61,clear sky
663,Plettenberg Bay,ZA,-34.0527,23.3716,61.99,90,1,1.52,clear sky
